Name,Description,Type,Rating
Martyrs' Memorial (Maqam E'chahid),An iconic towering concrete monument celebrating Algeria's independence.,Monument,9.5
Botanical Garden Hamma,A lush and historic botanical garden established in 1832 featuring thousands of plant species.,Park/Garden,9.6
Casbah of Algiers,A historic UNESCO World Heritage citadel characterized by its narrow winding streets and rich history.,Historical Site,9.4
Great Mosque of Algiers (Djamaa el Djazaïr),A modern architectural marvel boasting the world's tallest minaret.,Mosque,9.7
Notre Dame d'Afrique,A stunning Catholic basilica from the 19th century offering panoramic views of the Bay of Algiers.,Cathedral,9.5
Bardo National Museum,A fascinating museum of prehistory and ethnography housed in a beautifully restored Moorish villa.,Museum,9.2
National Museum of Fine Arts,One of the largest art museums in Africa featuring Algerian and European masterpieces.,Museum,9.3
Palais des Raïs (Bastion 23),A beautifully preserved Ottoman-era palace complex sitting right on the Mediterranean coast.,Palace,9.4
Ketchaoua Mosque,A historic mosque blending Moorish and Byzantine architecture located at the foot of the Casbah.,Mosque,9.3
La Grande Poste,A magnificent neo-Moorish post office that serves as a central landmark in downtown Algiers.,Historical Site,9.5
Museum of Antiquities and Islamic Arts,The oldest museum in Algeria showcasing ancient mosaics and beautiful Islamic artifacts.,Museum,9.1
Martyrs' Square (Place des Martyrs),A bustling public square steeped in history and offering great views of the sea.,Square/Plaza,8.8
National Museum of Moudjahid,Located beneath the Martyrs' Memorial it details the Algerian struggle for independence.,Museum,9.4
Dar Mustapha Pacha,An exquisite 18th-century Ottoman palace renowned for its interior tile work.,Palace,9.2
Museum of Modern Art of Algiers (MaMa),A hub for contemporary Algerian art located in a beautifully restored neo-Moorish commercial building.,Museum,9.0
Djamaa el Djedid,A 17th-century Ottoman mosque with striking white domes prominently situated near the harbor.,Mosque,9.0
Djamaa el Kebir (Great Mosque),One of the oldest mosques in Algiers featuring beautiful Almoravid architecture.,Mosque,9.1
Ali La Pointe Museum,A poignant memorial dedicated to the famed Algerian martyr located deep within the Casbah.,Museum,8.9
Ben Aknoun Zoo,A sprawling zoo and amusement park perfect for family outings.,Park/Garden,8.0
Liberty Park (Parc de la Liberté),A quiet geometrical park offering scenic stairs greenery and Ottoman-inspired ceramics.,Park/Garden,8.8
Museum of Popular Arts and Traditions,Housed in a 16th-century palace this museum displays traditional Algerian crafts and jewelry.,Museum,8.9
Zawiya of Sidi Abd al-Rahman al-Tha'alibi,A beautiful shrine and mosque dedicated to the patron saint of Algiers.,Historical Site,9.3
Dar Aziza,One of the oldest surviving palaces in the Casbah featuring classic courtyard architecture.,Palace,8.7
Dar Hassan Pacha,A majestic former winter palace known for its fusion of Moorish and European styles.,Palace,8.8
Emir Abdelkader Square,A vibrant central plaza featuring a prominent statue of the famous Algerian leader.,Square/Plaza,8.9
Port of Algiers,The historic and modern maritime heart of the city.,Historical Site,8.5
Sablettes Promenade,A highly popular waterfront park area with walking paths playgrounds and sea views.,Park/Promenade,9.2
Sidi Fredj Marina,A picturesque marina and historical peninsula perfect for coastal dining and boat watching.,Marina/Coastal,9.0
Moretti Beach,A popular and well-maintained beach resort area just west of the city.,Beach,8.6
Zeralda Beach,A spacious sandy beach offering numerous tourist complexes and relaxation spots.,Beach,8.5
Ain Benian Coast,A rocky and scenic coastal stretch known for excellent seafood restaurants.,Beach/Coastal,8.7
Fort de l'Empereur,The ruins of a historic fortress offering sweeping views over the city.,Historical Site,8.4
Cape Caxine Lighthouse,A historic 19th-century lighthouse guiding ships into the Bay of Algiers.,Monument,8.6
Tifariti Park,A lush urban green space offering a tranquil escape from the bustling city.,Park/Garden,8.5
Beirut Garden,A well-shaded family-friendly park known for its old trees and peaceful atmosphere.,Park/Garden,8.4
Dounia Park,A massive developing ecological park ideal for long walks and outdoor activities.,Park/Garden,8.2
El Hamma Library,The majestic national library building offering impressive modern architecture.,Cultural Center,8.9
Villa Abd-el-Tif,A historic villa that once hosted artists in residence now a center for cultural events.,Cultural Center,8.7
National Theatre Mahieddine Bachtarzi,A stunning performing arts venue located in a historic building.,Cultural Center,9.1
Safir Mosque,A historic mosque situated within the winding alleys of the Casbah.,Mosque,8.6
Sidi Ramadan Mosque,Believed to be one of the oldest mosques in the Casbah area.,Mosque,8.7
Ali Bitchin Mosque,A 17th-century mosque built by an Italian convert with a fascinating backstory.,Mosque,8.8
El Barani Mosque,A beautiful historical mosque located near the entrance of the Casbah citadel.,Mosque,8.5
Ben Farès Mosque,Originally the Great Synagogue of Algiers before being converted into a mosque.,Historical Site,8.9
Ryadh El Feth,A vibrant commercial and cultural complex surrounding the Martyrs' Memorial.,Cultural Center,9.0
Central Post Office Square,The lively area surrounding La Grande Poste full of cafes and local life.,Square/Plaza,9.2
Hydra Square,The upscale center of the Hydra district known for chic cafes and restaurants.,Square/Plaza,8.8
El Kettani Beach,A popular urban beach located in the Bab El Oued neighborhood.,Beach,8.1
Bouchaoui Forest,A dense and highly popular forest area used by locals for jogging and picnics.,Park/Forest,9.0
Bainem Forest,The largest forest in the Algiers province offering excellent hiking trails.,Park/Forest,9.1
Casbah Citadel,The ruined upper fortress that originally protected the old city.,Historical Site,8.8
Bab Azzoun Street,A famous historic shopping street lined with French-colonial arcades.,Historical Site,8.7
Didouche Mourad Street,The vibrant commercial artery of Algiers featuring stunning Haussmannian architecture.,Historical Site,9.3
Audin Square,A central and busy intersection famous for its bookstores and student life.,Square/Plaza,8.9
Algiers Opera House,A modern state-of-the-art venue hosting symphonies and theatrical performances.,Cultural Center,9.2
National Library of Algeria,A massive cultural institution with extensive archives overlooking the bay.,Cultural Center,8.8
Monument to the Dead of Algiers,A solemn monument paying tribute to those who lost their lives in World War I.,Monument,8.4
Grotte de Cervantes,The cave where the famous Spanish author Miguel de Cervantes hid during his captivity.,Historical Site,8.6
Djemila Boulevard,A scenic coastal road offering some of the best sunset views in the city.,Historical Site,9.0
El Kettar Cemetery,A historic tiered cemetery offering profound insight into the city's past and amazing sea views.,Historical Site,8.3