name,Latitude,Longitude,Description,Image_URL,Category
Martyrs Memorial,36.7457117,3.0697319,No description,No image,Other Landmark
Botanical Garden Hamma,36.7466763,3.0727362,The Botanical Garden Hamma (Arabic: حديقة التجارب الحامة) (French: Jardin d'Essai du Hamma) is a 32-hectare (79-acre) botanical garden (38 hectares (94 acres) of gardens and 20 hectares (49 acres) of arboretum) located in the Mohamed Belouizdad (formerly Hamma-Anassers) district of Algiers. It was established in 1832.,No image,Other Landmark
Port of Algiers,36.7636474,3.0609709,No description,No image,Other Landmark
Church of Notre Dame d'Afrique,,,No description,No image,Other Landmark
Royal Mausoleum of Mauretania,,,"The Royal Mausoleum of Mauretania is a funerary monument located on the road between Cherchell and Algiers, in Tipaza Province, Algeria. ",No image,Other Landmark
La grande poste of Algiers,,,No description,No image,Other Landmark
Great Mosque of Algeria,36.7853894,3.0639267,"The Djamaa el Djazaïr (Arabic: جامع الجزائر), also known as the Great Mosque of Algiers, is a large mosque located in Mohammadia, in the Dar El Beïda District of Algiers, Algeria. Opened in April 2019, it houses the world's tallest minaret that is 265 metres (869 ft) high, and is the third-largest mosque in the world after the Great Mosque of Mecca and Al-Masjid an-Nabawi of Medina in Saudi Arabia.",No image,Mosque
Martyrs' Square,36.7847493,3.0623509,Martyrs' Square may refer to:,No image,Other Landmark
Bastion 23,36.7882692,3.064085,No description,No image,Other Landmark
5 July 1962 Stadium,36.7595143,2.9952724,"The 5 July 1962 Stadium (Arabic: ملعب 5 جويلية 1962), named after the day Algeria declared independence, is a football and athletics stadium located in Algiers, Algeria. The stadium was inaugurated in 1972 with a capacity of 80,000 (64,200 After the seats installed). It served as the main stadium of the 1975 Mediterranean Games, the 1978 All-Africa Games, the 2004 Pan Arab Games, and the 2007 All-Africa Games. The stadium was one of two venues for the 1990 African Cup of Nations (the other venue was the 19 May 1956 Stadium in Annaba). It hosted 9 matches of the tournament, including the final, which had a second record attendance of 105,302 spectators. The home team Algeria defeated Nigeria 1–0 in the final to win the tournament. The record attendance is of 110,000 spectators in a friendly match between Algeria and Serbia on 3 March 2010. It also hosted the 2000 African Championships in Athletics. After a formal compliance with current safety standards in 1999, the stadium was reduced to 64,200 capacity, and following a new phase of renovation in 2003. The future capacity will be 80,000 with possible further renovations.",No image,Other Landmark
Algerian Society of Fairs and Exports - Algiers Fair,,,No description,No image,Other Landmark
Aquafortland Pool,,,No description,No image,Other Landmark
Sablette,36.7432373,3.1124762,No description,No image,Other Landmark
Teri park,36.7615822,2.9253076,No description,No image,Other Landmark
Nelson Mandela Stadium,36.6939429,3.1220307,"Nelson Mandela Stadium (Arabic: ملعب نيلسون مانديلا) is a sports stadium located in Baraki, suburb of Algiers, Algeria. The value of construction work for the stadium cost around 300 million euros. With a seating capacity of 40,784, it will be the first association-football-specific stadium in Algeria (meaning originally developed without an athletics track), and be the first stadium in Algeria, to be eligible to host all the matches organized by FIFA including the World Cup and the second stadium entirely covered in Algeria after the new Miloud Hadefi Stadium in Oran. The Nelson Mandela Stadium, which extends over a total area of 68 hectares, including 5 hectares built, includes all the infrastructure essential to the organization of international football events.",No image,Other Landmark
Ben Aknoun National Park,,,No description,No image,Other Landmark
Kiffan Club,36.7596983,3.2175271,No description,No image,Other Landmark
Dream Park,36.7352851,3.1602779,"Dream Park is a 1981 sci-fi/murder mystery novel by American writers Larry Niven and Steven Barnes, set in a futuristic amusement park of the same name. It was nominated for the 1982 Locus Award",No image,Other Landmark
Ketchaoua Mosque,36.7850951,3.0607434,"The Ketchaoua Mosque (Arabic: جامع كتشاوة), also known as Djamaa Ketchaoua, is a mosque in the city of Algiers, the capital of Algeria. Completed in the 17th century, during Ottoman period, the mosque is located at the foot of the Casbah of Algiers, a UNESCO World Heritage Site and is on the first of the Casbah's many steep stairways. Its construction was logistically and symbolically a cynosure of pre-colonial Algiers. The mosque is noted for its unique fusion of Moorish and Byzantine architecture.",No image,Mosque
Riad Al Fath,,,No description,No image,Other Landmark
Emir Abdelkader Place,36.7886783,3.06054,No description,No image,Other Landmark
Bardo National Museum of Prehistory and Ethnography,36.7603755,3.0461464,"The Bardo National Museum of Prehistory and Ethnography (Arabic: المتحف الوطني باردو), is a national museum located in Algiers, Algeria. It was originally a palace built by the Algerian admiral Raïs Hamidou in the late 18th century.",No image,Other Landmark
Three clocks,,,No description,No image,Other Landmark
Martyrs National Museum,,,No description,No image,Other Landmark
Algiers Opera House,,,"Algiers Opera House is an opera house in Ouled Fayet, Algiers, Algeria. It was built in 2016 by the Chinese government. The former opera house is the Algerian National Theater Mahieddine Bachtarzi.",No image,Other Landmark
KIDDY PARK - Parc de Loisirs,,,No description,No image,Other Landmark
Le Musée National Des Beaux Arts,,,No description,No image,Other Landmark
Al-Rahma Mosque,36.7895151,2.9085474,"The Al-Rahma Mosque (Arabic: مسجد الرحمة, romanized: Masjid ar-Raḥmah, lit. 'Mosque of Mercy') is a Sunni mosque located on Hatherley Street in Toxteth, Liverpool, England, in the United Kingdom. The mosque can accommodate between 2,000 and 2,500 worshippers and serves as the main place of worship and focus point for Liverpool's Muslim population, which numbered over 25,000 in the 2021 United Kingdom census.",No image,Mosque
Sacred Heart Cathedral,36.7640955,3.0474057,Sacred Heart Cathedral may refer to:,No image,Other Landmark
Culture Palace Moufdi Zakaria,,,No description,No image,Other Landmark
Sheikh Ferkous,,,No description,No image,Other Landmark
Green Club,,,No description,No image,Other Landmark
Dino Parc,,,No description,No image,Other Landmark
Rïas Castle,,,No description,No image,Other Landmark
Bab Azzoun,36.7812144,3.0609995,No description,No image,Other Landmark
Tennis Bachdjerrah,36.7180586,3.1095161,No description,No image,Other Landmark
August 20 1955 Stadium,,,"20 August 1955 Stadium (Arabic: ملعب 20 أوت 1955, French: Stade du 20 Août 1955) is a multi-purpose stadium in Mohamed Belouizdad, Algiers, Algeria.  It is currently used for football matches and is the home stadium of CR Belouizdad.  The venue has a capacity of 15,000.",No image,Other Landmark
Teri Jump,,,No description,No image,Other Landmark
Bois Des Cars,36.755969,2.9797785,No description,No image,Other Landmark
Setifis Park,,,No description,No image,Other Landmark
Bouchaoui Park,,,No description,No image,Other Landmark
Beyrouth Parc,36.7673052,3.0481884,No description,No image,Other Landmark
Omar Hamadi Stadium,36.8009653,3.0481743,"Omar Hamadi Stadium (Arabic: ملعب عمر حمّادي) is a multi-purpose stadium in Bologhine, Algiers, Algeria. It is currently used mostly for football matches and is the home ground of USM Alger. The stadium has a capacity of 10,000 people.",No image,Other Landmark
Dounia Parc,36.7430448,2.9723982,No description,No image,Other Landmark
Hamma Zoological Park,,,No description,No image,Other Landmark
The new door,,,No description,No image,Other Landmark
Fantasia Land,,,No description,No image,Other Landmark
Zaouia Belkaidia El Hebria,,,No description,No image,Other Landmark
Parc aux Pirates Alger,,,No description,No image,Other Landmark
National Museum of Antiquities and Islamic Art,36.7614767,3.0459848,"The National Museum of Antiquities and Islamic Art (French: Musée National des Antiquités et des Arts Islamiques) is an art museum in Algiers, Algeria.",No image,Other Landmark
Ali La Pointe Stadium,36.6817135,2.9617141,"Ali La Pointe Stadium (Arabic: ملعب علي لابوانت), is a 40,000-capacity stadium in Douéra, Algeria, a suburb of Algiers. It is expected to serve as the home stadium of MC Alger.",No image,Other Landmark
L'escape,,,No description,No image,Other Landmark
Multi-sports hall Hacène Harcha,,,No description,No image,Other Landmark
Port Saïd Square,36.7809168,3.06125,No description,No image,Other Landmark
El Biar Stadium,,,No description,No image,Other Landmark
La croix kouba (l'horloge),,,No description,No image,Other Landmark
Laser Strike Dz,,,No description,No image,Other Landmark
Institut France Hydra Centre 1,,,No description,No image,Other Landmark
Army museum,,,No description,No image,Other Landmark
International Conference Center Abdelatif Rahal,36.7698201,2.8940427,No description,No image,Other Landmark
La bibliotheque nationale d'Algerie,,,No description,No image,Other Landmark
Cervantes Institute,36.7677945,3.0547913,"Instituto Cervantes (Spanish: [instiˈtuto θerˈβantes], the Cervantes Institute) is a worldwide nonprofit organization created by the Spanish government in 1991. It is named after Miguel de Cervantes (1547–1616), the author of Don Quixote and perhaps the most important figure in the history of Spanish literature. The Cervantes Institute is the largest organization in the world responsible for promoting the study and the teaching of Spanish language and culture.",No image,Other Landmark
Théâtre National Algérien Mahiedine Bachtarzi,,,No description,No image,Other Landmark
Cosmos Movie Theater,,,No description,No image,Other Landmark
"Dar Mustapha Pacha (National Public Museum of Illumination, Miniatures and Calligraphy)",,,No description,No image,Other Landmark
National Museum of Arts and Popular Traditions,,,No description,No image,Other Landmark
Al-Ansar Mosque,,,Al-Ansar Mosque may refer to:,No image,Mosque
Tifariti Garden,36.7647945,3.042367,No description,No image,Other Landmark
Les Sablettes,36.7459321,3.104403,"Anse de Sablettes is a fortified bay near Toulon in France, immediately to the south of the port entrance. It was the site of the Battle of Sablettes, a 1759 battle of the Seven Years' War.",No image,Other Landmark
Opirate aquapark Ardis,,,No description,No image,Other Landmark
Karting Algeria Megakart Cheraga,,,No description,No image,Other Landmark
Mohamed Benhaddad Stadium,,,"Mohamed Benhaddad Stadium (Arabic: ملعب محمد بن حداد), is a multi-use stadium in Kouba, district of Algiers, Algeria.  It is currently used mostly for football matches and is the home ground of RC Kouba.  The stadium once was able to hold 15,000 to 20,000 fans, however, recent safety adjustments have lowered the capacity 10,000 people.",No image,Other Landmark
Ali la Pointe Museum,36.7833518,3.0586752,No description,No image,Other Landmark
Le Jardin d'Essai du Hamma,,,No description,No image,Other Landmark
Parc du 5 Juillet (Josip Broz Tito),,,No description,No image,Other Landmark
Abdul Latif House,,,No description,No image,Other Landmark
golf course,,,"A golf course is the grounds on which the sport of golf is played. It consists of a series of holes, each consisting of a tee box, a fairway, the rough and other hazards, and a green with a cylindrical hole in the ground, known as a ""cup"". The cup holds a flagstick, known as a ""pin"". A standard round of golf consists of 18 holes, and as such most courses contain 18 distinct holes; however, there are many 9-hole courses and some that have holes with shared fairways or greens. There are also courses with a non-standard number of holes, such as 12 or 14.",No image,Other Landmark
Dar El Beïda Stadium,,,"Omar Benrabah Stadium (Arabic: ملعب عمر بن رابح), is a multi-use stadium located in the Dar El Beïda district of Algiers, Algeria. It is currently used mostly for football matches. It is frequently used by the Algeria A' national football team and the Algerian Under-23 National Team. also is the home ground of Paradou AC and CRB Dar El Beïda. The stadium holds 14,150 spectators.",No image,Other Landmark
Kouba Olympic Swimming Pool,,,No description,No image,Other Landmark
Clockids Palace,,,No description,No image,Other Landmark
Palace of the Dey,36.7845463,3.055111,"Palace of the Dey (Arabic: قصر الداي), also known as Algiers Castle (Arabic: قلعة الجزائر), is an Ottoman era palace in the city of Algiers, Algeria. Completed in the 16th century, it is situated inside the Casbah of Algiers, and settled by successive deys of the city. It once was the second largest palace in the Ottoman Empire, next to Topkapi Palace in Istanbul.",No image,Other Landmark
Djemaa El Djedid,,,No description,No image,Other Landmark
"November 1, 1954 Mohammadia Stadium",,,No description,No image,Other Landmark
Oued Smar's Urban Park,,,No description,No image,Other Landmark
Rmila Beach,,,No description,No image,Other Landmark
Tafoura Public Garden,,,No description,No image,Other Landmark
Piscine Et Salle De Sport Sonatrach,,,No description,No image,Other Landmark
Museum of Modern Art of Algiers,36.7773404,3.0576101,The Museum of Modern Art of Algiers (MaMa) is an art museum in Algiers. It was inaugurated in 2007.,No image,Other Landmark
Complexe sportif SHAPES,,,No description,No image,Other Landmark
Arbre de Tarzan,,,No description,No image,Other Landmark
BRfoot,,,No description,No image,Other Landmark
Palais des Expositions des Pins Maritimes,,,No description,No image,Other Landmark
Salle El Atlas,,,No description,No image,Other Landmark
La Vigie Alger,36.8124204,3.0216298,No description,No image,Other Landmark
Cityfoot,,,No description,No image,Other Landmark
Zoo Ben Aknoun - Animaux sauvages,,,No description,No image,Other Landmark
Casbah Events,,,No description,No image,Other Landmark
Ouaguenouni Public Field,,,No description,No image,Other Landmark
Terri Park arcade,,,No description,No image,Other Landmark
Sofia Park,,,No description,No image,Other Landmark
Hammam Mezghana,,,No description,No image,Other Landmark
Dar Aziza,36.7850529,3.0615164,"Dar Aziza is a 16th-century Moorish palace located in the Casbah of Algiers in Algeria. Today, it houses the National Agency of Archaeology and Protection of Historic Sites and Monuments. Dar Aziza, arguably the most iconic surviving building of its era in Algiers, was part of a large governmental compound known as Janina Palace, which existed before the arrival of Turkish corsairs.",No image,Other Landmark
Prague Garden,36.7892027,3.0594348,No description,No image,Other Landmark
Ben Aknoun Forest,36.7581529,2.9997174,"Ben Aknoun Forest is a forest situated in Ben Aknoun, within the Algiers province of Algeria. The forest is managed by the Forest Conservation Authority of Algiers and operates under the supervision of the General Directorate of Forests.",No image,Other Landmark
Kiffan foot,,,No description,No image,Other Landmark
Taleb Abderrahamane Garden,,,No description,No image,Other Landmark
Arab Garden,,,No description,No image,Other Landmark
Ferhani Stadium,36.7954747,3.0524809,No description,No image,Other Landmark
Dounia park entrée daly brahim حظيرة,,,No description,No image,Other Landmark
Musée de Tamentfoust - Le Fort Turc,36.8072168,3.2309066,No description,No image,Other Landmark
Break the Code,,,No description,No image,Other Landmark
Bab Dzira,36.7863793,3.0653442,"Bab Dzira (in Arabic: باب الدزيرة), also known as Bab El Dzira, was one of the Gates of the Casbah of Algiers, opening onto the sea along the city’s waterfront. It was among the historic city gates of Algiers.  ",No image,Other Landmark
"Center of Research in Astronomy, Astrophysics, and Geophysics",,,"The Algiers Observatory was built in the late 19th century in the Algiers suburb of Bouzaréah, Algeria, North Africa. It participated in the Astrographic Catalogue project, taking the zone between -2 and +4 degrees to expose 1,260 plates between the years 1891 and 1911. At the tail end of that time, the director of the installation was François Gonnessiat.",No image,Other Landmark
Opla pool,,,No description,No image,Other Landmark
The Ferris wheel manou park,,,No description,No image,Other Landmark
Parc de la Prise d'Eau,,,No description,No image,Other Landmark
Palmfit,,,No description,No image,Other Landmark
Piscine du 1er Mai,,,No description,No image,Other Landmark
Happy park,,,No description,No image,Other Landmark
the balcony of the Kasbah of Algiers,,,No description,No image,Other Landmark
biar Garden,,,No description,No image,Other Landmark
institut culturel italien,,,No description,No image,Other Landmark
Sports Complex Ahmed Ghermoul,,,No description,No image,Other Landmark
Casbah city tourist view,,,No description,No image,Other Landmark
Flaxen Beach,,,No description,No image,Other Landmark
Al-Fath Mosque,36.7080677,2.9141972,"The Al-Fath Mosque (Arabic: مسجد الفتح) is a mosque located in the Ramses Square of  Downtown Cairo, Egypt. Completed in 1990, it is one of the largest mosques in the city. The mosque's 130-metre-tall (430 ft) minaret is the tallest in Cairo and the third tallest minaret in the world. ",No image,Mosque
Promenade Sablettes -Marina- Algiers,,,No description,No image,Other Landmark
Ouled Fayet centre ville,,,No description,No image,Other Landmark
المركز الثقافي 11 ديسمبر 1960,,,No description,No image,Other Landmark
Kora Land 9 Bordj El Kiffan,,,No description,No image,Other Landmark
Plage Fort-de-l'Eau,,,No description,No image,Other Landmark
Hammam Sauna le pont,,,No description,No image,Other Landmark
Stadium Baba Hassen,36.6937437,2.971276,No description,No image,Other Landmark
Olof Palme Garden,36.7415281,3.0307678,No description,No image,Other Landmark
Le prestige,,,No description,No image,Other Landmark
Algerian Admiralty Museum,,,No description,No image,Other Landmark
Bazita,36.7899448,3.0470054,No description,No image,Other Landmark
AMADHAL Store,,,No description,No image,Other Landmark
VIVA AQUAPARK,,,No description,No image,Other Landmark
Oxygène island,,,No description,No image,Other Landmark
Central Post Garden,,,No description,No image,Other Landmark
Club Pacha Nightclub,,,No description,No image,Other Landmark
CRBBK Tennis club,,,No description,No image,Other Landmark
Paintball Forêt De Bainem,,,No description,No image,Other Landmark
Stade Ahmed falek Hydra,,,No description,No image,Other Landmark
Hamam Lala Meriem حمام لالا مريم,,,No description,No image,Other Landmark
VAL POOL,,,No description,No image,Other Landmark
Piscine Green Club,,,No description,No image,Other Landmark
Centre équestre ouled fayet,,,No description,No image,Other Landmark
The Water Fort,,,No description,No image,Other Landmark
Peoples Palace,,,No description,No image,Other Landmark
Ben Aknoun d'attraction,36.733906,3.0251625,No description,No image,Other Landmark
Al-Rahma Mosque,36.7895151,2.9085474,"The Al-Rahma Mosque (Arabic: مسجد الرحمة, romanized: Masjid ar-Raḥmah, lit. 'Mosque of Mercy') is a Sunni mosque located on Hatherley Street in Toxteth, Liverpool, England, in the United Kingdom. The mosque can accommodate between 2,000 and 2,500 worshippers and serves as the main place of worship and focus point for Liverpool's Muslim population, which numbered over 25,000 in the 2021 United Kingdom census.",No image,Mosque
Al Noor Mosque,,,"Al-Noor Mosque (Arabic: مسجد النور, romanized: Masjid An-Nūr) may refer to:",No image,Mosque
Residence Aerohabitat,,,No description,No image,Other Landmark
HAMMAM LES IDJER,,,No description,No image,Other Landmark
Hammam Sauna Chez Abbes,,,No description,No image,Other Landmark
Meltin'Art,,,No description,No image,Other Landmark
Hammam Dzair,,,No description,No image,Other Landmark
Flower Clock Garden,,,No description,No image,Other Landmark
Skate Parks,,,No description,No image,Other Landmark
Villa Boulkine Ex Palais Rahat Eddey,,,No description,No image,Other Landmark
Maison Diocésaine,36.7593297,3.0308489,No description,No image,Other Landmark
Ain Taya détente,,,No description,No image,Other Landmark
Khalil pool - Sablettes,,,No description,No image,Other Landmark
Serkadji ex Prison Barberousse.,,,No description,No image,Other Landmark
Jorf,36.7211805,3.1769649,"Jorf is a city in Errachidia Province, Drâa-Tafilalet, Morocco. It is divided into several districts: El Mounkara, Jorf-Center, El Achouria, Oualad Ghanem, Oulad moussa, and Erramlia. According to the 2004 census it has a population of 12,135.",No image,Other Landmark
Dar Hassan Pacha,36.7852733,3.0610256,"Dar Hassan Pacha is an 18th-century palace located in the Casbah of Algiers, Algeria. It was built in 1791 and used to belong to Hassan III Pasha, who signed a treaty with the US September 5, 1795. After 1830, it became the winter residence of the French Governor of Algiers, and was completely remodelled in 1839, when the entrance was changed and a new façade was added.",No image,Other Landmark
Cinematheque,36.7774361,3.05813,"A cinematheque is an archive of films and film-related objects with an exhibition venue. Similarly to a book library (bibliothèque in French), a cinematheque is responsible for preserving and making available to the public film heritage. Typically, a cinematheque has at least one motion picture theatre, which offers screenings of its collections and other international films.",No image,Other Landmark
Mosqué Ennour,36.7180586,3.0279366,No description,No image,Other Landmark
Palm-Beach,36.7445354,2.8469058,No description,No image,Other Landmark
Mina's pool,,,No description,No image,Other Landmark
Bab Ezzouar Park,36.7131138,3.2019039,No description,No image,Other Landmark
Promenade Lido,,,No description,No image,Other Landmark
House of Pain Dz,,,No description,No image,Other Landmark
Al-Fath Mosque,36.7080677,2.9141972,"The Al-Fath Mosque (Arabic: مسجد الفتح) is a mosque located in the Ramses Square of  Downtown Cairo, Egypt. Completed in 1990, it is one of the largest mosques in the city. The mosque's 130-metre-tall (430 ft) minaret is the tallest in Cairo and the third tallest minaret in the world. ",No image,Mosque
Sidi Abdellah Water Park,,,No description,No image,Other Landmark
Tipasa Historic Site,,,No description,No image,Other Landmark
Stade El Hamiz,36.7257176,3.2377321,No description,No image,Other Landmark
Foot Five,,,No description,No image,Other Landmark
Marina Palm,36.7922609,3.2355612,No description,No image,Other Landmark
Centre de thalassothérapie de Sidi Fredj,,,No description,No image,Other Landmark
Fayet Club,,,No description,No image,Other Landmark
GOSTO Beach,,,No description,No image,Other Landmark
Urban foot,,,No description,No image,Other Landmark
Plage Sidi Fredj,36.7611588,2.8482366,No description,No image,Other Landmark
Pine club beach,,,No description,No image,Other Landmark
Azur beach,36.7365397,2.8409594,No description,No image,Other Landmark
Plage Artificiel du Confort - LA MADRAGUE,,,No description,No image,Other Landmark
OXYGÉN ARENA,36.7666751,2.9130656,No description,No image,Other Landmark
Les Voiles Beach Club,,,No description,No image,Other Landmark
Zeralda Beach,36.7162454,2.868799,No description,No image,Other Landmark
Madina Parc,,,No description,No image,Other Landmark
“Colonel Abbas” beach,,,No description,No image,Other Landmark
FAF National Technical Centre,,,No description,No image,Other Landmark
Plage Ouest,36.7608147,2.8412713,No description,No image,Other Landmark
Rouiba Stadium,36.7452556,3.2784765,No description,No image,Other Landmark
Parc des Sports et de Loisirs - Sidi Abdellah,,,No description,No image,Other Landmark
Club El Mordjane,,,No description,No image,Other Landmark
club des pins staoueli,36.7685735,2.8843353,No description,No image,Other Landmark
Centre de Repos Familial zéralda (CRF),,,No description,No image,Other Landmark
Playa DZ location bateau balade événements location jet-ski,,,No description,No image,Other Landmark
meftah,36.6956696,3.1644293,Meftah (meaning key in Arabic) may refer to:,No image,Other Landmark
La couronne sports et loisirs,,,No description,No image,Other Landmark
Piscine AZAL semi olympique,,,No description,No image,Other Landmark
Iron Parck,,,No description,No image,Other Landmark
Mustapha Tchaker Stadium,,,"Mustapha Tchaker Stadium (Arabic: ملعب مصطفى تشاكر), is a multi-purpose stadium in Blida, Algeria.  It is currently used mostly for football matches.  The stadium has a capacity of  25,000 people. The stadium is the home of the Algeria national football team.",No image,Other Landmark
مسجد بلال بن رباح,36.7252615,3.1873879,"Rachel's Tomb (Biblical Hebrew: קְבֻרַת רָחֵל Qǝbūrat Rāḥēl; Modern Hebrew: קבר רחל Qever Raḥel; Arabic: قبر راحيل Qabr Rāḥīl)  is a site revered as the burial place of the Biblical matriarch Rachel. The site is also referred to as the Bilal bin Rabah mosque (Arabic: مسجد بلال بن رباح). The tomb is held in esteem by Jews, Christians, and Muslims. The tomb, located at the northern entrance to the West Bank city of Bethlehem, next to the Rachel's Tomb checkpoint, is built in the style of a traditional maqam, Arabic for shrine.",No image,Mosque
Club Équestre Bordj El Bahri,,,No description,No image,Other Landmark
Ben Aknoun Tennis Club,,,No description,No image,Other Landmark
Forêt Caroubier,,,No description,No image,Other Landmark
Plage La Sirène,,,No description,No image,Other Landmark
OPLA,36.7852543,3.0646668,OPLA may refer to:,No image,Other Landmark
Zioui brothers stadium,36.7438963,3.0918423,No description,No image,Other Landmark
Forest Diar el afia,,,No description,No image,Other Landmark
Almohammadia Garden,,,No description,No image,Other Landmark
plage deux moulins,,,No description,No image,Other Landmark
Sables D'or Beach - By Central Park EVENT,,,No description,No image,Other Landmark
Smile park,36.7374947,3.2805235,No description,No image,Other Landmark
Birkhadem Stadium,,,No description,No image,Other Landmark
Oval hall,,,No description,No image,Other Landmark
PALACE OF NATIONS,36.7700211,2.8853954,No description,No image,Other Landmark
Winners academy,,,No description,No image,Other Landmark
Chrea National Park,,,"The Chréa National Park (Arabic:الحديقة الوطنية الشريعة) is one of the largest national parks of Algeria. It is located in Blida Province, named after Chréa, a town near this park. The park, located in a mountainous area known as the Blidean Atlas (which is part of the Tell Atlas) includes the ski station of Chréa, one of the few ski stations in Africa where skiing can be done on natural snow, and the grotto of Chiffa.",No image,Other Landmark
Costa blu centre de remise en forme feminin,,,No description,No image,Other Landmark
Khaled ibn El Walid,36.6553449,3.1769086,No description,No image,Other Landmark
Nasr Mosque,,,"An-Nasr Mosque (Arabic: مسجد النصر Masjid an-Nasr translated as ""Victory Mosque"") is a mosque located in Nablus, Palestine. It is situated in the central square of the Old City of Nablus and is donned as the ""symbol of Nablus"". An-Nasr Mosque has a turquoise dome and its prayer room is located in the second floor of the building.",No image,Mosque
Al Aqsa Mosque,,,al-Aqsa Mosque may refer to:,No image,Mosque
placette de Baraki Garden,,,No description,No image,Other Landmark
Ben Omar Garden,,,No description,No image,Other Landmark
Ain Benian Marina,,,No description,No image,Other Landmark
Masjed Elfalah,,,No description,No image,Other Landmark
Gym Black Tigre,,,No description,No image,Other Landmark
BILLARD BOWLING LOUNGE,36.7117774,3.1963616,No description,No image,Other Landmark
piscine les ANNASSERS,,,No description,No image,Other Landmark
New Sablettes park,,,No description,No image,Other Landmark
Salle Omnisports de Cheraga,36.7640007,2.9252914,No description,No image,Other Landmark
Riles parc,,,No description,No image,Other Landmark
BEA HUSSIN DEY,,,No description,No image,Other Landmark
Piscine Salamandre,,,No description,No image,Other Landmark
Bloc 300 - 400,36.7109473,3.1810507,No description,No image,Other Landmark
Hammam Elassala حمام الأصالة,,,No description,No image,Other Landmark
Rouiba la placette,,,No description,No image,Other Landmark
Bab Al Bahr,,,No description,No image,Other Landmark
Centre Culturel Arezki Taboudoucht,,,No description,No image,Other Landmark
Club Tennis Hydra,36.7456632,3.0394072,No description,No image,Other Landmark
Beldi Park Zeralda,,,No description,No image,Other Landmark
Family Garden of Ben Aknoun,,,No description,No image,Other Landmark
"""The seller"" Theater",,,No description,No image,Other Landmark
Plage Dominique,,,No description,No image,Other Landmark
la concorde Garden,,,No description,No image,Other Landmark
American bridge farm,,,No description,No image,Other Landmark
Institut supérieur des métiers des arts du spectacle et de l ‘audiovisuel (ISMAS),,,No description,No image,Other Landmark
Le Five Club - Cheraga,,,No description,No image,Other Landmark
Salle des fête Numidia,,,No description,No image,Other Landmark
La Rue Didouche Mourad,36.7709283,3.0554782,No description,No image,Other Landmark
Qae el Sour stadium,,,No description,No image,Other Landmark
Piscine privée pour elle,,,No description,No image,Other Landmark
Sakiat Sidi Yousef Garden,,,No description,No image,Other Landmark
"""Raïs Hamido"" Beach",,,No description,No image,Other Landmark
Stade du champ,,,No description,No image,Other Landmark
New Sablettes Beach,,,No description,No image,Other Landmark
Tiger Sport Dz,,,No description,No image,Other Landmark
Eight Pool club,,,No description,No image,Other Landmark
Masdjid Nour El Yakine,,,No description,No image,Other Landmark
Oued El Harrach,36.536671,3.0606495,"The Wadi El Harrach is an Algerian river that originates in the Bliden, Atlas Mountains near Hammam Melouane. It is 67 kilometres (42 mi) long and flows into the Mediterranean, right in the middle of the bay of Algiers.",No image,Other Landmark
Piscine de douéra,,,No description,No image,Other Landmark
Salle de sport Mina Sport,,,No description,No image,Other Landmark
Stade Bouaza,,,No description,No image,Other Landmark
Paradou Garden,,,No description,No image,Other Landmark
Céleste,36.7958701,3.0350258,Celeste may refer to:,No image,Other Landmark
Staoueli Stadium,36.7546387,2.8857115,No description,No image,Other Landmark
Stade De Saoula,,,No description,No image,Other Landmark
Plage de l'îlot,,,No description,No image,Other Landmark
centre ocean,,,No description,No image,Other Landmark
Forêt bainem vue sur mer,,,No description,No image,Other Landmark
CHP Club equestre نادي الفروسية,,,No description,No image,Other Landmark
100% DZ,36.7729333,3.0588445,No description,No image,Other Landmark
TAM TAM Pool & lounge,,,No description,No image,Other Landmark
Sablettes Park - Main entrance,,,No description,No image,Other Landmark
Zeralda Forest,36.7120351,2.8642932,"Zeralda Forest is a forest located in Zeralda, in the Mitidja region of Algiers Province. It is managed by the Forest Conservation Authority of Algiers (CFA), which operates under the supervision of the General Directorate of Forests (DGF).",No image,Other Landmark
Djenane El Mithak,36.7639027,3.0374096,No description,No image,Other Landmark
Sabi Parc,,,No description,No image,Other Landmark
Rond-point de la fontaine,,,No description,No image,Other Landmark
Beb ezzouar bridge,,,No description,No image,Other Landmark
Statue of Bologhine ibn Ziri,,,No description,No image,Other Landmark
"Le Fort Ottoman ""Istanbul"", Bateau Cassé.",,,No description,No image,Other Landmark
Cultural Center Azzedine Medjoubi,,,No description,No image,Other Landmark
B E O Ketani,,,No description,No image,Other Landmark
ECURIE ROYALE,,,No description,No image,Other Landmark
Adréna club,,,No description,No image,Other Landmark
"Lac Dounia Parc ""Les grands vents""",,,No description,No image,Other Landmark
Centre Culturel Mohamed Aïssa Messaoudi,,,No description,No image,Other Landmark
Nouvelle Sabllette Verte Rive NSVR,,,No description,No image,Other Landmark
Angle Sidi Mohamed Sharif,,,No description,No image,Other Landmark
Beskri Photocopie,,,No description,No image,Other Landmark
Fontaine fraîche,36.7801156,3.0460719,No description,No image,Other Landmark
Al-Sablat Fountain,,,No description,No image,Other Landmark
Baha Mohamed semi-Olympic swimming pool,,,No description,No image,Other Landmark
Stade de Boufarik,,,No description,No image,Other Landmark
Centre Culturel Ali Maachi,36.7910825,3.2477073,No description,No image,Other Landmark
تعاضدية عمال البناء زرالدة,,,No description,No image,Other Landmark
La ferme aux poneys,,,No description,No image,Other Landmark
Parc Bentalha,36.6488105,3.0655671,No description,No image,Other Landmark
Parc,36.7447477,3.0041538,PARC or Parc may refer to:,No image,Other Landmark
Daboussy Garden,,,No description,No image,Other Landmark
Manege Sidi abdellah,,,No description,No image,Other Landmark
Hammam Mezghena,,,No description,No image,Other Landmark
Santé Life style SLS sport,,,No description,No image,Other Landmark
Piscine semi olympique eucalyptus,,,No description,No image,Other Landmark
Omar ibn al-Khattab Mosque,36.7245836,2.8916409,"The Mosque of Umar ibn al-Khattab (Arabic: مسجد عمر بن الخطاب) is a Sunni Islam mosque, located within the historic city of Dumat al-Jandal in the Al Jawf Province of Saudi Arabia. The mosque is named after the Rashidun caliph Umar ibn al-Khattab, who is believed to have constructed the mosque, although this claim has been contested. The mosque's minaret is the first of its kind to be built in North Arabia as well.",No image,Mosque
Family park EPLF Bab Ezzouar,,,No description,No image,Other Landmark
Notre Dame d'Afrique Viewpoint,36.8009649,3.0432768,No description,No image,Other Landmark
Prestige pool,,,No description,No image,Other Landmark
Stade Tarzon,,,No description,No image,Other Landmark
Piscine,36.7312554,2.8387425,Piscine: pertaining to fish.,No image,Other Landmark
Cultural Center University,,,No description,No image,Other Landmark
Ain Naadja Garden,,,No description,No image,Other Landmark
Palais de Hussein Dey قصر الداي حسين,,,No description,No image,Other Landmark
Doudou Mokhtar Garden,,,No description,No image,Other Landmark
Galaxy Football Club - Academie alger,,,No description,No image,Other Landmark
CMB Parc Dounia,,,No description,No image,Other Landmark
Stade De Bouzareah,36.7981868,3.0001441,No description,No image,Other Landmark
Centre D'art El Kounouz,,,No description,No image,Other Landmark
Tennis club sidi-fredj (TCSF),,,No description,No image,Other Landmark
Space pool,,,No description,No image,Other Landmark
Telemly Alger centre,36.7625697,3.0437059,No description,No image,Other Landmark
Enclosure wall of the Casbah,,,No description,No image,Other Landmark
Salle multisports Ouled Fayet,,,No description,No image,Other Landmark
Mohamed Boudiaf Olympic Complex,,,No description,No image,Other Landmark
Ecopark ouad smar,,,No description,No image,Other Landmark
"petit jardin, ouagnouni",,,No description,No image,Other Landmark
Rouiba park,,,No description,No image,Other Landmark
Amusement park حديقة ألعاب,,,No description,No image,Other Landmark
Sidi M'hamed Swimming Pool,,,No description,No image,Other Landmark
National Library,36.7484164,3.0719156,"A national library is a library established by a government as a country's preeminent repository of information. Unlike public libraries, these rarely allow citizens to borrow books. Often, they include numerous rare, valuable, or significant works. A national library is that library which has the duty of collecting and preserving the literature of the nation within and outside the country. Thus, national libraries are those libraries whose community is the nation at large. Examples include the British Library in London, and the Bibliothèque nationale de France in Paris.",No image,Other Landmark
Pépinière Green House,,,No description,No image,Other Landmark
Mahdi Boualem Sports Hall (Baraki),,,No description,No image,Other Landmark
Algerian Olympic Committee,,,"The Algerian Olympic and Sport Committee (Arabic: اللجنة الأولمبية و الرياضية الجزائرية, French: Comité Olympique et Sportif Algérien) (IOC code: ALG) is the National Olympic Committee representing Algeria. It was created on 18 October 1963 and recognized by the International Olympic Committee on 27 January 1964.",No image,Other Landmark
La pêcherie d'alger,36.7848428,3.0660517,No description,No image,Other Landmark
Piscine stade 5juillet / piscine des stars olympiques,,,No description,No image,Other Landmark
Eucalyptus rond point,,,No description,No image,Other Landmark
Seen Art Gallery,,,No description,No image,Other Landmark
CCU d'Alger - Centre Culturel Universitaire,,,No description,No image,Other Landmark
Plage de L'Hôtel Sheraton,,,No description,No image,Other Landmark
Resistance Square,36.7633395,3.0593522,No description,No image,Other Landmark
piscine shelin,,,No description,No image,Other Landmark
2eme entrer Parc Dounia,,,No description,No image,Other Landmark
révolution de Novembre 1954 Garden,,,No description,No image,Other Landmark
Salle Des Arts Martiaux,,,No description,No image,Other Landmark
The Sablette Stadium,,,No description,No image,Other Landmark
Hammam el aures,,,No description,No image,Other Landmark
Sea front الواجهة البحرية,,,No description,No image,Other Landmark
La nouvelle sablette,,,No description,No image,Other Landmark
Aïn Zeboudja Stadium,36.7698673,3.0437978,No description,No image,Other Landmark
Atlas Forest,36.7510714,3.045591,No description,No image,Other Landmark
Zeralda Stadium,,,No description,No image,Other Landmark
Mess villa,,,No description,No image,Other Landmark
Babezzouar Product,,,No description,No image,Other Landmark
Fort Turc,36.8072168,3.2309066,No description,No image,Other Landmark
Ferme Equestre ZAHRAYA,,,No description,No image,Other Landmark
Stade Tchoupina,36.7151281,3.1146619,No description,No image,Other Landmark
Khelwi Beach,,,No description,No image,Other Landmark
Eurêka ! Ateliers scientifiques et artistiques,,,No description,No image,Other Landmark
Forêt de Beaulieu,36.7117689,3.1658769,No description,No image,Other Landmark
حديقة لعب جوليفي,,,No description,No image,Other Landmark
Swan_rlr,,,No description,No image,Other Landmark
Mouloudia Club of Algiers training center,,,No description,No image,Other Landmark
Jardin El Nasr,,,No description,No image,Other Landmark
Centre D'études diocésain,,,No description,No image,Other Landmark
Moulahoum,36.7198278,2.9296568,No description,No image,Other Landmark
Cap Caxine,36.8127775,2.9539253,Cap Caxine is a cape located in Algeria.,No image,Other Landmark
2 ieme plage Tamentfoust,,,No description,No image,Other Landmark
Parc Zoologique Et Des Loisirs La Concorde Civile,,,No description,No image,Other Landmark
J.S.S EXCELLENCE,,,No description,No image,Other Landmark
Balcon saint raphael,36.7673442,3.039005,No description,No image,Other Landmark
El'khroube Garden,,,No description,No image,Other Landmark
Sport Nautique D'Alger,,,No description,No image,Other Landmark
Medina Mood Concept Store & Gallery,,,No description,No image,Other Landmark
HERMANO GAME,,,No description,No image,Other Landmark
Open air theater Sabalt,,,No description,No image,Other Landmark
Piscine municipale,36.7447753,3.077754,No description,No image,Other Landmark
XBM STUDIO,,,No description,No image,Other Landmark
Stade EPLF Bab ezzouar,,,No description,No image,Other Landmark
stade CRB ben choubane rouiba Algiers,,,No description,No image,Other Landmark
Stade daly Brahim,36.7595143,2.9952724,No description,No image,Other Landmark
108 Stadium ملعب حي البساتين,,,No description,No image,Other Landmark
Le Bain D’orient,,,No description,No image,Other Landmark
حمام لالة ربيعة Hamam Lala Rabia,,,No description,No image,Other Landmark
سويدانية 20,,,No description,No image,Other Landmark
DOUAODA,,,No description,No image,Other Landmark
Akram céramique,,,No description,No image,Other Landmark
United Football Academy,,,No description,No image,Other Landmark
Parc Des Pins,36.7671506,3.0289435,No description,No image,Other Landmark
Guide Nomad,,,No description,No image,Other Landmark
Stadium caroubie (bass),,,No description,No image,Other Landmark
Brossette Garden,,,No description,No image,Other Landmark
Centre Aquasport,,,No description,No image,Other Landmark
Corniche Lido,,,No description,No image,Other Landmark
football stadium,36.7108612,3.1755091,"A stadium (pl.: stadiums or stadia) is a place or venue for (mostly) outdoor sports, concerts, or other events and consists of a field or stage completely or partially surrounded by a tiered structure designed to allow spectators to stand or sit and view the event. Pausanias noted that for about half a century the only event at the ancient Greek Olympic festival was the race that comprised one length of the stadion at Olympia, where the word ""stadium"" originated. Most of the stadiums with a capacity of at least 10,000 are used for association football. Other popular stadium sports include gridiron football, baseball, cricket, the various codes of rugby, field lacrosse, bandy, and bullfighting. Many large sports venues are also used for concerts.",No image,Other Landmark
Circuit d'examen N2 courifa,,,No description,No image,Other Landmark
شاطئ العوينة حسني 2,,,No description,No image,Other Landmark
Stade Communal La pérouse,,,No description,No image,Other Landmark
Deca Quad,,,No description,No image,Other Landmark
AKHY TRAINING CAMP,,,No description,No image,Other Landmark
Stade Bab Ezzouar,36.7177532,3.2011865,No description,No image,Other Landmark
La Casa de juegos,,,No description,No image,Other Landmark
hammam souakri,,,No description,No image,Other Landmark
حديقة حي فايزي بن مراد برج الكيفان,,,No description,No image,Other Landmark
Piscine l'èpaulard baraki,,,No description,No image,Other Landmark
Hydra multi-sports hall,,,No description,No image,Other Landmark
Hammam boudiaf,,,No description,No image,Other Landmark
Kouba park,,,No description,No image,Other Landmark
La Crique roche,,,No description,No image,Other Landmark
Tiger Sport,,,No description,No image,Other Landmark
Le Panorama,,,"Le Panorama was a radio show on France Culture, which ran daily between 12-1 from 1968 until 1998. It dealt with cultural affairs, and was presented by: ",No image,Other Landmark
Maison de l Artisanat,,,No description,No image,Other Landmark
Camilla beauty,,,No description,No image,Other Landmark
CASIF Sidi Feredj,,,No description,No image,Other Landmark
Kettani,36.7922769,3.0575013,No description,No image,Other Landmark
mosque,36.7850951,3.0607434,"A mosque ( MOSK), also called a masjid ( MASS-jid, MUSS-), is a place of worship for Muslims. The term usually refers to a covered building, but can be any place where Islamic prayers are performed; such as an outdoor courtyard.",No image,Mosque
Casbah,36.7844706,3.0578458,"A kasbah (, also US: ; Arabic: قصبة, romanized: qaṣaba, lit. 'fortress', Arabic pronunciation: [qasˤaba], Maghrebi Arabic: [qasˤba]), also spelled qasbah, qasba, qasaba, or casbah, is a fortress, most commonly the citadel or fortified quarter of a city. It is also equivalent to the term alcazaba in Spanish (Spanish: [alkaˈθaβa]), which is derived from the same Arabic word. By extension, the term can also refer to a medina quarter, particularly in Algeria. In various languages, the Arabic word, or local words borrowed from the Arabic word, can also refer to a settlement, a fort, a watchtower, or a blockhouse.",No image,Other Landmark
PROMOSIM BLIDA,,,No description,No image,Other Landmark
Beldi Pool,,,No description,No image,Other Landmark
Herosium Events,,,No description,No image,Other Landmark
Salle omnisport de Douéra,,,No description,No image,Other Landmark
Gym El Hammamet,,,No description,No image,Other Landmark
Académie Basketball Barcelona,,,No description,No image,Other Landmark
Meridja Mma Club,,,No description,No image,Other Landmark
Doom Beach,,,No description,No image,Other Landmark
Complexe Sportif de Rouiba Mohamed Kadiri,,,No description,No image,Other Landmark
Parc de jeux el kittani,,,No description,No image,Other Landmark
ZONE UC' 20,36.6928874,3.1560416,No description,No image,Other Landmark
Gare Routière,36.7430507,3.1092389,No description,No image,Other Landmark
Multi-sports hall,,,No description,No image,Other Landmark
Bloom the art factory,,,No description,No image,Other Landmark
Rue tanger alger center,,,No description,No image,Other Landmark
Embassade USA,,,No description,No image,Other Landmark
Stade Cité Malki,,,No description,No image,Other Landmark
Parc de dely brahim,36.7513153,2.9587191,No description,No image,Other Landmark
Ain Mezawka,,,No description,No image,Other Landmark
Bibliothèque De Bouzareah,36.7712829,3.0107576,No description,No image,Other Landmark
Galerie D'art Couleurs Et Patrimoine,,,No description,No image,Other Landmark
FOOT CENTER HAMIZ,,,No description,No image,Other Landmark
Metro Tafourah - Grande poste,,,No description,No image,Other Landmark
Rond point AADL1-CUB3,,,No description,No image,Other Landmark
Cité militaire de Ain naadja,,,No description,No image,Other Landmark
Les vergers Garden,,,No description,No image,Other Landmark
Jardin Public,36.7339438,3.0865896,No description,No image,Other Landmark
Azur plage,36.738006,2.8431131,No description,No image,Other Landmark
Centre culturel Moufdi Zakaria,36.6673971,3.0981906,No description,No image,Other Landmark
Gallerie L'ESPACO Espace Contemporain,,,No description,No image,Other Landmark
Stade NEMRA 2004,,,No description,No image,Other Landmark
Centre Sportif de Rais Hamidou,,,No description,No image,Other Landmark
Fédération de football,36.7622014,2.9912261,No description,No image,Other Landmark
Parc zoologique El achour,36.74297,3.0064728,No description,No image,Other Landmark
PLACE ETOUTE,,,No description,No image,Other Landmark
Hala Art Gallery,,,No description,No image,Other Landmark
مصلى تعاونية الأمل 3,,,No description,No image,Other Landmark
Houch mihoub Garden,,,No description,No image,Other Landmark
Glimina park,,,No description,No image,Other Landmark
Stade de KHRAICIA,,,No description,No image,Other Landmark
Dekakna stadium,,,No description,No image,Other Landmark
Le boulevard d'alger,36.7494075,3.0392053,No description,No image,Other Landmark
In7Art,,,No description,No image,Other Landmark
Info Trafic Algeria - ITA Garden,,,No description,No image,Other Landmark
Forêt Domaniale de Baïnem,,,No description,No image,Other Landmark
Arena foot,,,No description,No image,Other Landmark
Foot Live Ardis,,,No description,No image,Other Landmark
Musée National de la Protection Civile,,,No description,No image,Other Landmark
El Mokrani Olympic Stadium,,,No description,No image,Other Landmark
Ericsson,,,"Telefonaktiebolaget LM Ericsson (lit. 'Telephone Stock Company of LM Ericsson'), commonly known as Ericsson (Swedish pronunciation: [ˈêːrɪkˌsɔn] ), is a Swedish multinational networking and telecommunications company headquartered in Stockholm. Ericsson has been a major contributor to the development of the telecommunications industry and is one of the leaders in 5G. Ericsson has over 57,000 granted patents, and it is the inventor of Bluetooth technology.",No image,Other Landmark
Istanbul Garden,,,No description,No image,Other Landmark
Bais d'Alger,,,No description,No image,Other Landmark
Complexe sportif eshra,,,No description,No image,Other Landmark
CRF douada,,,No description,No image,Other Landmark
An archaeological excavation site,,,No description,No image,Other Landmark
Freedom Statue,,,"The Freedom Statue is located in Lusaka, capital of Zambia. It represents the independence of Zambia and memorializes those who lost their lives in the movement to secure independence. The 12-foot statue was erected on the orders of Kenneth Kaunda in 1974 for the 10th anniversary of independence. It was made by British sculptor James Butler. The statue is depicted on the Zambian kwacha, and the center for celebration on Africa Day.",No image,Other Landmark
Prairie training,,,No description,No image,Other Landmark
Colibri Arts et Culture,,,No description,No image,Other Landmark
Aire de détente et de jeux El Marsa,,,No description,No image,Other Landmark
Centre de Loisirs Scientifiques (CLS),,,No description,No image,Other Landmark
"دار إبن هشام للنشر , Dar el Nachr Ibn Hicham",,,No description,No image,Other Landmark
AQ8 Algérie birkhadem,,,No description,No image,Other Landmark
Bainem's beach 3,,,No description,No image,Other Landmark
Hammam abd eraaouf,,,No description,No image,Other Landmark
Chaouch,36.6449339,2.997381,No description,No image,Other Landmark
Bainem forest,36.7965031,2.9691428,No description,No image,Other Landmark
ملعب برج الكيفان,36.7476776,3.1869089,No description,No image,Other Landmark
Cirque Amar Algeria,,,No description,No image,Other Landmark
Stadium shaheed Bourada boualemm,,,No description,No image,Other Landmark
Stade Communal de Larba SmaÏl Mkhlouf (ملعب إسماعيل مخلوف),,,No description,No image,Other Landmark
Parc de Loisirs,36.7357635,3.0208998,No description,No image,Other Landmark
Cité Réno . Espace StreetWorkout,,,No description,No image,Other Landmark
ملعب حي بن حمودة alger,,,No description,No image,Other Landmark
HAMMAM EL BEY STAOUELI,,,No description,No image,Other Landmark
"Aïn Taya, la placette",,,No description,No image,Other Landmark
Balcon Tamaris,,,No description,No image,Other Landmark
Piscine 3M,,,No description,No image,Other Landmark
Palais Djenane Lakhdar,,,No description,No image,Other Landmark
Stade de Birtouta,36.6432704,2.9960703,No description,No image,Other Landmark
Plage le bar_ شاطئ لوبار,,,No description,No image,Other Landmark
Kaidi,36.7384888,3.204959,"Kaidi is an Estonian given name, a variant of Katariina.",No image,Other Landmark
Piscine tassala elmerdja,,,No description,No image,Other Landmark
Casif théâtre de plein air,,,No description,No image,Other Landmark
Stade de Said Hamdine,,,No description,No image,Other Landmark
Plage les ondines II,,,No description,No image,Other Landmark
Chebli stadium,,,No description,No image,Other Landmark
salle multisport,36.7230051,3.1900383,No description,No image,Other Landmark
BROKK'ART,,,No description,No image,Other Landmark
Stade de Ben Zarga Mohamed Saadate - RBZ,,,No description,No image,Other Landmark
Chabab Riadhi de Belouizdad,,,No description,No image,Other Landmark
La nouvelle piscine de Baraki,,,No description,No image,Other Landmark
Salle Oms Staoueli,,,No description,No image,Other Landmark
Stade aadl 2400 logements,36.7419487,3.3659391,No description,No image,Other Landmark
Le rond-point Aissani,,,No description,No image,Other Landmark
Foot-Pro,36.7181962,3.0501088,No description,No image,Other Landmark
Stade athlétisme,36.763696,2.9951903,No description,No image,Other Landmark
Olof Palm Public Garden,,,No description,No image,Other Landmark
Kennedy Square,36.7689748,3.0302795,"Kennedy Square is a lost 1916 silent film historical drama directed by S. Rankin Drew and starring Antonio Moreno, Muriel Ostriche and Charles Kent.  It was produced by the Vitagraph Company of America and released through V-L-S-E.",No image,Other Landmark
The multisport hall of Eucalyptus,,,No description,No image,Other Landmark
anglais Garden,,,No description,No image,Other Landmark
Pépinière Saula,,,No description,No image,Other Landmark
غابة بن حدادي,,,No description,No image,Other Landmark
rond point d'entrée baba hssen,,,No description,No image,Other Landmark
17 October 1961 Square,,,No description,No image,Other Landmark
Entré foret Bainem,,,No description,No image,Other Landmark
Hammam El Amel,,,No description,No image,Other Landmark
"Cultural center , old church El Biar",,,No description,No image,Other Landmark
Creative Center,,,No description,No image,Other Landmark
Masdjid Al atique,,,No description,No image,Other Landmark
Al-Rahman Al-Rahim Mosque,,,"The Al-Rahman al-Rahim Mosque, also known as the el-Rahman el-Raheem Mosque (Arabic: مسجد الرحمن الرحيم) is a mosque located in the Abbassiya neighbourhood, on Salah Salem Street, in Cairo, Egypt.",No image,Mosque
Salle des fêtes palais Abad,,,No description,No image,Other Landmark
Medina jump,,,No description,No image,Other Landmark
Stade Rais,36.7060926,3.0910523,No description,No image,Other Landmark
La placette les castors,,,No description,No image,Other Landmark
LCariya,36.7158623,3.189295,No description,No image,Other Landmark
Salle de sport le petit dragon,,,No description,No image,Other Landmark
stade de oued smar,36.7052418,3.1709583,No description,No image,Other Landmark
Belle vue,36.7918044,2.9107714,"Belle Vue means ""beautiful view"" in French. It may refer to:",No image,Other Landmark
Masdjid Asalam,,,No description,No image,Other Landmark
Stade de football,36.7105302,3.1748687,No description,No image,Other Landmark
Hammam Bournan,,,No description,No image,Other Landmark
Club Sifaks Musculation Et Aerobic,,,No description,No image,Other Landmark
Admiralty Lighthouse,,,No description,No image,Other Landmark
Shooter fantasia tir a l'arc,,,No description,No image,Other Landmark
Centre équestre HBM,,,No description,No image,Other Landmark
Farmadja,,,No description,No image,Other Landmark
Dar Yacine,,,No description,No image,Other Landmark
Centre d'Examen Délocalisé TCF de l'Institut français d'Algérie à Alger,,,No description,No image,Other Landmark
Kids Park Ardis,,,No description,No image,Other Landmark
Staouali,36.7575669,2.8908205,No description,No image,Other Landmark
Les ondines,,,No description,No image,Other Landmark
Souachette Garden,,,No description,No image,Other Landmark
Club de Basket ball Rama,,,No description,No image,Other Landmark
Piscine Ain Taya,,,No description,No image,Other Landmark
Salle des jeux ninou قاعة العاب نينو,,,No description,No image,Other Landmark
mosque,36.7850951,3.0607434,"A mosque ( MOSK), also called a masjid ( MASS-jid, MUSS-), is a place of worship for Muslims. The term usually refers to a covered building, but can be any place where Islamic prayers are performed; such as an outdoor courtyard.",No image,Mosque
Kouba Garden,,,No description,No image,Other Landmark
Stade Achabou,36.7652419,2.9829329,No description,No image,Other Landmark
stade cité couleur,,,No description,No image,Other Landmark
Association équestre Bouchaoui,,,No description,No image,Other Landmark
PARC D'ATTRACTIONS SABLETTES,,,No description,No image,Other Landmark
stade les ASPHODELES,,,No description,No image,Other Landmark
Salle de sport el Hamma,,,No description,No image,Other Landmark
سد الدويرة,36.6668605,2.9261689,No description,No image,Other Landmark
Gymnastics hall Hazm Abdelghani,,,No description,No image,Other Landmark
Aïn Taya Sea Front,,,No description,No image,Other Landmark
Benak Pool,,,No description,No image,Other Landmark
mosqué el etihad,,,No description,No image,Other Landmark
Dergana stadium,,,No description,No image,Other Landmark
Baba ali stadium,,,No description,No image,Other Landmark
Place Des Freres Si Bachir,,,No description,No image,Other Landmark
Mosqué el falah,,,No description,No image,Other Landmark
Thuraya,,,"Thuraya (Arabic: الثريا, Gulf Arabic pron.: [ɐθ.θʊˈrɑj.jɐ]; from the Arabic name for the Pleiades, Thurayya) is a United Arab Emirates-based regional mobile-satellite service (MSS) provider. The company operates two geosynchronous satellites and provides telecommunications coverage in about  150 countries in Europe, the Middle East, North, Central and East Africa and Asia. Thuraya's L-band network delivers voice and data services.",No image,Other Landmark
TRAD Basketball,,,No description,No image,Other Landmark
Stade communal de Aïn Taya,,,No description,No image,Other Landmark
Water sport _ école de kitesurf et planche à voile algerie,,,No description,No image,Other Landmark
Blawada Stadium,,,No description,No image,Other Landmark
مكتبة نوميديا numidia Library,,,No description,No image,Other Landmark
Villa et piscine farah,,,No description,No image,Other Landmark
Piscine kettani ex.PADOVANI,,,No description,No image,Other Landmark
Amroussa,,,No description,No image,Other Landmark
Inter Football Academy Alger,,,No description,No image,Other Landmark
SPECIGET PARC,,,No description,No image,Other Landmark
Waterfall garden,,,No description,No image,Other Landmark
la3wina ( lapointe)_لعوينة,,,No description,No image,Other Landmark
salle e sport ma forme,,,No description,No image,Other Landmark
Parc dounia 2,,,No description,No image,Other Landmark
Le Petit Bassin,,,No description,No image,Other Landmark
Palais de Rais Hamidou,,,No description,No image,Other Landmark
Parc Bentalha city,,,No description,No image,Other Landmark
Bain maure de l'alhambra,,,No description,No image,Other Landmark
Centre Culturel Doued Koriche,,,No description,No image,Other Landmark
Point de Départ Circuit Running,,,No description,No image,Other Landmark
Gregory,36.7186304,3.0905852,Gregory may refer to:,No image,Other Landmark
Centre Culturel National du Moudjahid,36.7815755,3.0603896,No description,No image,Other Landmark
Brocante Antiquites. La caverne d’Ali BELAZZOUG,,,No description,No image,Other Landmark
Dounia parc Bahli,,,No description,No image,Other Landmark
Dar Souf Palace,,,No description,No image,Other Landmark
حديقة- jardin,36.7485522,3.0759272,No description,No image,Other Landmark
Stèle commémorative de Pierre et Marie Curie,,,No description,No image,Other Landmark
Museum of the Algerian Radio,,,No description,No image,Other Landmark
Salle de Sport Lady's Club,,,No description,No image,Other Landmark
Cultural Center,36.7882712,3.0640089,"A cultural center or cultural centre is an organization, building or complex that promotes culture and arts. Cultural centers can be neighborhood community arts organizations, private facilities, government-sponsored, or activist-run.",No image,Other Landmark
Stade Communal heuraoua,,,No description,No image,Other Landmark
Stade de football,36.7105302,3.1748687,No description,No image,Other Landmark
ID PARC BAB EZZPOUR,,,No description,No image,Other Landmark
Petit Bois Lassalas,36.7550473,3.28553,No description,No image,Other Landmark
le Moulin,36.7650964,3.0560037,"Le Moulin is the highest point in Sark and is also the highest point of the Bailiwick of Guernsey, a British Crown Dependency in the English Channel off the coast of Normandy, with an altitude of 114 metres (374 ft).",No image,Other Landmark
Stade Boubsila,,,No description,No image,Other Landmark
Stade de la prise d'eau,,,No description,No image,Other Landmark
Place de harrach centre,,,No description,No image,Other Landmark
Galerie d'art le paon,,,No description,No image,Other Landmark
Piscine dauphin,,,No description,No image,Other Landmark
USMA IS HERE,,,No description,No image,Other Landmark
قبر الشهيد علي عمار ) علي لابوانت)tombe du chahid ali ammar (ALI LA POINTE),,,No description,No image,Other Landmark
Forêt De Ramdania,,,No description,No image,Other Landmark
Algiers Golf Club,,,No description,No image,Other Landmark
Gharmoul,,,No description,No image,Other Landmark
المسبح الخاص بالنساء/ piscine Aqua pour femme,,,No description,No image,Other Landmark
Bibliothèque De La Commune مكتبة بلدية جسر قسنطينة,,,No description,No image,Other Landmark
Villa Sésini,36.7475724,3.0647683,No description,No image,Other Landmark
Square,36.785779,3.06237,"In geometry, a square is a regular quadrilateral. It has four straight sides of equal length and four equal angles. Squares are special cases of rectangles, which have four equal angles, and of rhombuses, which have four equal sides. As with all rectangles, a square's angles are right angles (90 degrees, or π/2 radians), making adjacent sides perpendicular. The area of a square is the side length multiplied by itself, and so in algebra, multiplying a number by itself is called squaring.",No image,Other Landmark
Sidi Ramadan,36.7865243,3.0584051,No description,No image,Other Landmark
Librairie Mohamadia,,,No description,No image,Other Landmark
football stadium,36.7108612,3.1755091,"A stadium (pl.: stadiums or stadia) is a place or venue for (mostly) outdoor sports, concerts, or other events and consists of a field or stage completely or partially surrounded by a tiered structure designed to allow spectators to stand or sit and view the event. Pausanias noted that for about half a century the only event at the ancient Greek Olympic festival was the race that comprised one length of the stadion at Olympia, where the word ""stadium"" originated. Most of the stadiums with a capacity of at least 10,000 are used for association football. Other popular stadium sports include gridiron football, baseball, cricket, the various codes of rugby, field lacrosse, bandy, and bullfighting. Many large sports venues are also used for concerts.",No image,Other Landmark
OM School Alger,,,No description,No image,Other Landmark
Geek Gamez,,,No description,No image,Other Landmark
Pages bleues Editions,,,No description,No image,Other Landmark
Medersa Thaâlibiyya,,,No description,No image,Other Landmark
football stadium,36.7108612,3.1755091,"A stadium (pl.: stadiums or stadia) is a place or venue for (mostly) outdoor sports, concerts, or other events and consists of a field or stage completely or partially surrounded by a tiered structure designed to allow spectators to stand or sit and view the event. Pausanias noted that for about half a century the only event at the ancient Greek Olympic festival was the race that comprised one length of the stadion at Olympia, where the word ""stadium"" originated. Most of the stadiums with a capacity of at least 10,000 are used for association football. Other popular stadium sports include gridiron football, baseball, cricket, the various codes of rugby, field lacrosse, bandy, and bullfighting. Many large sports venues are also used for concerts.",No image,Other Landmark
Stade (dnc),,,No description,No image,Other Landmark
Bibliothèque,36.7361187,3.1049874,"A library is a collection of books, and possibly other materials and media, that is accessible for use by its members and members of allied institutions. Libraries provide physical (hard copies) or digital (soft copies) materials, and may be a physical location, a virtual space, or both. A library's collection normally includes printed materials which can be borrowed, and usually also includes a reference section of publications which may only be utilized inside the premises. Resources such as commercial releases of films, television programmes, other video recordings, radio, music and audio recordings may be available in many formats. These include DVDs, Blu-rays, CDs, cassettes, or other applicable formats such as microform. They may also provide access to information, music or other content held on bibliographic databases. In addition, some libraries offer creation stations for makers which offer access to a 3D printing station with a 3D scanner.",No image,Other Landmark
Fighting Club - Dely Brahim -,,,No description,No image,Other Landmark
Piscine miroir saoula,,,No description,No image,Other Landmark
"Monument the Docker The Martyrs of May 2, 1962",,,No description,No image,Other Landmark
Salle Omnisport Mokhtar Aribi,36.7651397,3.0249037,No description,No image,Other Landmark
Lyna Park,,,No description,No image,Other Landmark
Parc Le Dauphin,,,No description,No image,Other Landmark
Municipal Stadium,36.7126127,3.164669,Municipal Stadium may refer to:,No image,Other Landmark
Camp de jeune Analj zéralda,,,No description,No image,Other Landmark
Brackney Brothers Stadium,,,No description,No image,Other Landmark
Salle de musculation Club 3000,,,No description,No image,Other Landmark
Salle des fêtes Princesse,,,No description,No image,Other Landmark
ITA's Garden,,,No description,No image,Other Landmark
Stade de l'equipe de Ain Benian (WEBAB),,,No description,No image,Other Landmark
ملعب حي سيدي مبارك الجواري بئر الخادم stade sidi Mbarek Birkhadem,,,No description,No image,Other Landmark
Hdbk.الحصن الذهبي برج الكيفان,,,No description,No image,Other Landmark
Le stade du bateau cassé & ملعب الباخرة المحطمة,,,No description,No image,Other Landmark
Point de vue sur la Casbah,,,No description,No image,Other Landmark
"""Les Dunes"" Beach",36.7801466,2.8928474,No description,No image,Other Landmark
piscine privée l'andalouse,,,No description,No image,Other Landmark
Centre Culturel Larbi Ben M'hidi,36.7782989,3.0578429,No description,No image,Other Landmark
Les Ateliers Sauvages Concepteurs,,,No description,No image,Other Landmark
Terrain de basketball,36.6649347,3.1608993,No description,No image,Other Landmark
Stade Ali Sadek 2,,,No description,No image,Other Landmark
Sablette 2,36.7432373,3.1124762,No description,No image,Other Landmark
JARDINA records,,,No description,No image,Other Landmark
Water land,,,No description,No image,Other Landmark
Centre de dressage bouchaoui la trappe baroudi,,,No description,No image,Other Landmark
Stade souidania,36.7070878,2.9123123,No description,No image,Other Landmark
Aicha Haddad Arts Gallery | رواق الفنون عائشة حداد,,,No description,No image,Other Landmark
Douche el harrach,36.7214571,3.1376503,No description,No image,Other Landmark
Stade Mahdi Boualem,,,No description,No image,Other Landmark
Écurie casa nova,,,No description,No image,Other Landmark
Stade l'ilot,36.8049638,2.9027025,No description,No image,Other Landmark
Réserve de chasse محمية الصيد,,,No description,No image,Other Landmark
Jardin,36.7485522,3.0759272,Jardin may refer to:,No image,Other Landmark
Stade olympique de Koléa,,,No description,No image,Other Landmark
copy centre,36.6696988,3.1443923,"A photocopier (also called copier or copy machine, and formerly Xerox machine, the generic trademark) is a machine that makes copies of documents and other visual images onto paper or plastic film quickly and cheaply. Most modern photocopiers use a technology called xerography, a dry process that uses electrostatic charges on a light-sensitive photoreceptor to first attract and then transfer toner particles (a powder) onto paper in the form of an image.  The toner is then fused onto the paper using heat, pressure, or a combination of both.  Copiers can also use other technologies, such as inkjet, but xerography is standard for office copying.",No image,Other Landmark
Morsli Samir Sport,,,No description,No image,Other Landmark
Daddy park,,,No description,No image,Other Landmark
Stade Amhammad Bougera,,,No description,No image,Other Landmark
Centre Cultuel,,,No description,No image,Other Landmark
Salle des jeux VICE CITY,,,No description,No image,Other Landmark
Hammam les palmiers,,,No description,No image,Other Landmark
فڨاص للكباش Fegas,,,No description,No image,Other Landmark
Club de Voile Amal Nautique Alger Plage,,,No description,No image,Other Landmark
Voirol,36.7807876,3.0578584,No description,No image,Other Landmark
Hammam souna 3caves,,,No description,No image,Other Landmark
OPLA Team BMR Progress,,,No description,No image,Other Landmark
Hammam el Soltane pour Homme,,,No description,No image,Other Landmark
Promenade des Sablettes,36.7459321,3.104403,No description,No image,Other Landmark
Parc Dounia entrée Ouled Fayet,,,No description,No image,Other Landmark
Le Vieux Palais,36.7861383,3.0615783,No description,No image,Other Landmark
نادي الفروسية,36.7808037,3.2579873,No description,No image,Other Landmark
Église Anglicane de la Sainte Trinité,36.7565981,3.0463851,No description,No image,Other Landmark
حي كوريفة محمد الكليتوس Cité kourifa ex-Renault Les Eucalyptus,,,No description,No image,Other Landmark
GTPH AZZOUZ,,,No description,No image,Other Landmark
Stade Basket Ball Du Club C.R.D,,,No description,No image,Other Landmark
قاعة فوفينام قوشاش,,,No description,No image,Other Landmark
Metidja Equestrian Club Blida,,,No description,No image,Other Landmark
حمام صونة hammam sauna,,,No description,No image,Other Landmark
Stade de la Base Equipée,,,No description,No image,Other Landmark
Source d'eau Zghara,,,No description,No image,Other Landmark
Cyber Café Baraki,36.6642614,3.1447975,No description,No image,Other Landmark
La Bibliothèque centrale de l'université,,,No description,No image,Other Landmark
Lac USTHB,36.7140842,3.1792588,No description,No image,Other Landmark
Stade de la cité SNTV Alger plage.,36.78072,3.234727,No description,No image,Other Landmark
Salle ALI MAACHI,,,No description,No image,Other Landmark
Virtual Game DZ,,,No description,No image,Other Landmark
Lac artificiel Parc Sonelgaz,,,No description,No image,Other Landmark
Algerian federal of vovinam viet vodao,,,No description,No image,Other Landmark
Juventus Soccer School Algérie - Golden Player,,,No description,No image,Other Landmark
مكتبة والعاب بادة,,,No description,No image,Other Landmark
Salle O.M.S Ain Taya,,,No description,No image,Other Landmark
soicher,,,No description,No image,Other Landmark
Parc des Grands Vents,,,No description,No image,Other Landmark
مكتبة القرطاسية (Kartassia),,,No description,No image,Other Landmark
Martyr Boudjemaa Hammar Square,,,No description,No image,Other Landmark
Jardin De Coopemad,,,No description,No image,Other Landmark
Quartier ottoman de la basse casbah,,,No description,No image,Other Landmark
El Djnina El Malha,,,No description,No image,Other Landmark
July 5th Annex Stadium,,,No description,No image,Other Landmark
Stade Mohamed Iguer,36.734842,3.0489204,No description,No image,Other Landmark
Piscine Eshra,,,No description,No image,Other Landmark
ACMH جمعية أبطال مدينة الحراش,,,No description,No image,Other Landmark
Départs tsk family,,,No description,No image,Other Landmark
Apostrophe,,,"The apostrophe (’, ') is a punctuation mark, and sometimes a diacritical mark, in languages that use the Latin alphabet and some other alphabets. In English, the apostrophe is used for two basic purposes:",No image,Other Landmark
Dolphins beach,,,No description,No image,Other Landmark
Piscine Aquaform,,,No description,No image,Other Landmark
stade l'amitié,,,No description,No image,Other Landmark
Boulodrome Chevalley,,,No description,No image,Other Landmark
